user,intime
1,2022-08-31 14:03:59.939
2,2022-08-31 14:03:59.945
3,2022-08-31 14:03:59.951
4,2022-08-31 14:03:59.958
5,2022-08-31 14:03:59.965
6,2022-08-31 14:03:59.972
7,2022-08-31 14:03:59.984
8,2022-08-31 14:03:59.992
9,2022-08-31 14:04:00.000
10,2022-08-31 14:04:00.011
